system:index,class,growth,growth_int,lat,lon,.geo
00000000000000000124,0,,,23.69972222,90.44177778,"{""type"":""Point"",""coordinates"":[90.44177954393078,23.699720779970033]}"
00000000000000000125,0,,,23.71333333,90.43738889,"{""type"":""Point"",""coordinates"":[90.43738732939313,23.7133344154862]}"
00000000000000000126,0,,,23.71438889,90.43038889,"{""type"":""Point"",""coordinates"":[90.43039099984028,23.71438676333481]}"
00000000000000000127,0,,,23.71588889,90.42919444,"{""type"":""Point"",""coordinates"":[90.42919596075795,23.715889480389826]}"
00000000000000000128,0,,,23.71834722,90.42552778,"{""type"":""Point"",""coordinates"":[90.42552612059096,23.71834644507028]}"
00000000000000000129,0,,,23.70186389,90.41197222,"{""type"":""Point"",""coordinates"":[90.41197045338849,23.70186560757674]}"
0000000000000000012a,0,,,23.70808333,90.38802778,"{""type"":""Point"",""coordinates"":[90.38802953983254,23.70808159444524]}"
0000000000000000012b,0,,,23.76408333,90.35755556,"{""type"":""Point"",""coordinates"":[90.35755604323329,23.76408344457547]}"
0000000000000000012c,0,,,23.76591667,90.35533333,"{""type"":""Point"",""coordinates"":[90.35533541090867,23.765916135108437]}"
0000000000000000012d,0,,,23.78462222,90.38097222,"{""type"":""Point"",""coordinates"":[90.38097078286495,23.78462206402764]}"
0000000000000000012e,0,,,23.60791667,90.49741667,"{""type"":""Point"",""coordinates"":[90.49741574777462,23.607916807481686]}"
0000000000000000012f,0,,,24.36770278,88.60666667,"{""type"":""Point"",""coordinates"":[88.6066677190925,24.367703035978334]}"
00000000000000000130,0,,,24.36797778,88.60386111,"{""type"":""Point"",""coordinates"":[88.60386294452988,24.367979500243646]}"
00000000000000000131,0,,,24.36759444,88.59958333,"{""type"":""Point"",""coordinates"":[88.59958220751857,24.36759601755305]}"
00000000000000000132,0,,,24.36736944,88.60355556,"{""type"":""Point"",""coordinates"":[88.6035552665572,24.367368603399324]}"
00000000000000000133,0,,,24.36602778,88.60369444,"{""type"":""Point"",""coordinates"":[88.60369349868985,24.366026413982233]}"
00000000000000000134,0,,,24.36753333,88.60179722,"{""type"":""Point"",""coordinates"":[88.60179838074214,24.3675335901383]}"
00000000000000000135,0,,,24.37288889,88.5745,"{""type"":""Point"",""coordinates"":[88.57449976409293,24.372888970503485]}"
00000000000000000136,0,,,25.74197222,89.25363889,"{""type"":""Point"",""coordinates"":[89.25363869093697,25.741971226044036]}"
00000000000000000137,0,,,25.74036111,89.25003056,"{""type"":""Point"",""coordinates"":[89.25003127818472,25.74036149056374]}"
00000000000000000138,0,,,25.75108889,89.25231111,"{""type"":""Point"",""coordinates"":[89.25230987882303,25.751090087698326]}"
00000000000000000139,0,,,25.75246111,89.25272778,"{""type"":""Point"",""coordinates"":[89.25272903432206,25.752459031721738]}"
0000000000000000013a,0,,,25.76486111,89.25336111,"{""type"":""Point"",""coordinates"":[89.25336222667164,25.764859791751373]}"
0000000000000000013b,0,,,25.73044444,89.27347222,"{""type"":""Point"",""coordinates"":[89.27347277242269,25.73044444982087]}"
0000000000000000013c,0,,,22.35126667,91.84202778,"{""type"":""Point"",""coordinates"":[91.84202645673385,22.35126632590273]}"
0000000000000000013d,0,,,22.33730556,91.86794444,"{""type"":""Point"",""coordinates"":[91.86794275205648,22.337304880504394]}"
0000000000000000013e,0,,,22.33461389,91.86069444,"{""type"":""Point"",""coordinates"":[91.86069225374358,22.334616042569166]}"
0000000000000000013f,0,,,22.33541667,91.84061111,"{""type"":""Point"",""coordinates"":[91.8406129216999,22.335418680758785]}"
00000000000000000140,0,,,22.33381111,91.82986111,"{""type"":""Point"",""coordinates"":[91.82986202906005,22.333808945278488]}"
00000000000000000141,0,,,22.33503333,91.816,"{""type"":""Point"",""coordinates"":[91.81599868388489,22.335035198068194]}"
00000000000000000142,0,,,22.33341389,91.81166667,"{""type"":""Point"",""coordinates"":[91.81166889676199,22.33341208528473]}"
00000000000000000143,0,,,22.32033333,91.83616667,"{""type"":""Point"",""coordinates"":[91.83616719794964,22.32033354189498]}"
00000000000000000144,0,,,24.89944444,91.88119444,"{""type"":""Point"",""coordinates"":[91.88119520038732,24.8994463775007]}"
00000000000000000145,0,,,24.9035,91.87558333,"{""type"":""Point"",""coordinates"":[91.87558119216104,24.90349970035828]}"
00000000000000000146,0,,,24.90068889,91.87338889,"{""type"":""Point"",""coordinates"":[91.87338731444274,24.90069046669461]}"
00000000000000000147,0,,,24.88872222,91.84847222,"{""type"":""Point"",""coordinates"":[91.84847431685714,24.888722239467164]}"
00000000000000000148,0,,,24.89972222,91.85262778,"{""type"":""Point"",""coordinates"":[91.85262573993789,24.89972284176601]}"
00000000000000000149,0,,,23.89888889,89.02694444,"{""type"":""Point"",""coordinates"":[89.02694245248082,23.89889098762325]}"
0000000000000000014a,0,,,23.89747222,89.02711111,"{""type"":""Point"",""coordinates"":[89.02711189832085,23.897472993488254]}"
0000000000000000014b,0,,,22.37947222,89.22108333,"{""type"":""Point"",""coordinates"":[89.22108279414577,22.37947014006578]}"
0000000000000000014c,0,,,22.50302778,89.59019444,"{""type"":""Point"",""coordinates"":[89.59019380204684,22.503027371155714]}"
0000000000000000014d,0,,,22.80149167,89.56116667,"{""type"":""Point"",""coordinates"":[89.5611650541889,22.801492841067056]}"
0000000000000000014e,0,,,22.80941667,89.55136944,"{""type"":""Point"",""coordinates"":[89.55136840917449,22.809416663639034]}"
0000000000000000014f,0,,,22.83805556,89.54233333,"{""type"":""Point"",""coordinates"":[89.54233427044021,22.838057469705312]}"
00000000000000000150,0,,,22.84125,89.53263889,"{""type"":""Point"",""coordinates"":[89.53264018475001,22.84125018605958]}"
00000000000000000151,0,,,22.835975,89.52525,"{""type"":""Point"",""coordinates"":[89.52525145430445,22.83597506951335]}"
00000000000000000152,0,,,22.83395278,89.52172222,"{""type"":""Point"",""coordinates"":[89.52172430537118,22.833950637635088]}"
00000000000000000153,0,,,22.83516944,89.53194444,"{""type"":""Point"",""coordinates"":[89.5319445649857,22.835167972222678]}"
00000000000000000154,0,,,22.83313889,89.53188889,"{""type"":""Point"",""coordinates"":[89.53189105577303,22.83313908124336]}"
00000000000000000155,0,,,22.82322222,89.5655,"{""type"":""Point"",""coordinates"":[89.56549930041285,22.823222040500493]}"
00000000000000000156,0,,,24.64463889,91.06272222,"{""type"":""Point"",""coordinates"":[91.06272274292627,24.64463996600364]}"
00000000000000000157,0,,,24.57188889,91.7915,"{""type"":""Point"",""coordinates"":[91.79150038269725,24.571889732316674]}"
00000000000000000158,0,,,24.42211111,92.07122222,"{""type"":""Point"",""coordinates"":[92.07122425088097,24.42211298703248]}"
00000000000000000159,0,,,24.37661111,92.04613889,"{""type"":""Point"",""coordinates"":[92.04613734835428,24.376612319883122]}"
0000000000000000015a,0,,,24.39466667,92.25963889,"{""type"":""Point"",""coordinates"":[92.25963910679327,24.39466722004852]}"
000000000000000001bd,0,,,24.35342,92.23756,"{""type"":""Point"",""coordinates"":[92.23756209747766,24.353420535304146]}"
000000000000000001be,0,,,24.17033,91.638,"{""type"":""Point"",""coordinates"":[91.63800028803344,24.170329846049658]}"
000000000000000001bf,0,,,24.15233,91.62019,"{""type"":""Point"",""coordinates"":[91.62019063842597,24.152328455096896]}"
000000000000000001c0,0,,,24.12953,91.61992,"{""type"":""Point"",""coordinates"":[91.6199186332617,24.129529071410627]}"
000000000000000001c1,0,,,24.10386,91.61989,"{""type"":""Point"",""coordinates"":[91.6198918786554,24.103858026645938]}"
000000000000000001c2,0,,,23.97061,90.50833,"{""type"":""Point"",""coordinates"":[90.50833162715347,23.970611168966865]}"
000000000000000001c3,0,,,23.99517,90.5285,"{""type"":""Point"",""coordinates"":[90.52850014121819,23.995171897569247]}"
000000000000000001c4,0,,,22.16475,89.38761,"{""type"":""Point"",""coordinates"":[89.38760792298669,22.1647510470392]}"
000000000000000001c5,0,,,22.15742,89.40644,"{""type"":""Point"",""coordinates"":[89.40643870673539,22.15742028490733]}"
000000000000000001c6,0,,,22.0017,89.39681,"{""type"":""Point"",""coordinates"":[89.39681150756101,22.0016995579189]}"
000000000000000001c7,0,,,21.9985,89.3935,"{""type"":""Point"",""coordinates"":[89.39349839547829,21.99849792336252]}"
000000000000000001c8,0,,,21.99056,89.40542,"{""type"":""Point"",""coordinates"":[89.40542203169521,21.990560723487388]}"
000000000000000001c9,0,,,21.96844,89.35242,"{""type"":""Point"",""coordinates"":[89.35242115657394,21.968439123161247]}"
000000000000000001ca,0,,,22.60252,92.20697,"{""type"":""Point"",""coordinates"":[92.20696820514996,22.602518833860195]}"
000000000000000001cb,0,,,22.46069,92.29425,"{""type"":""Point"",""coordinates"":[92.29425064917011,22.46068820665324]}"
000000000000000001cc,0,,,22.45088,92.29522,"{""type"":""Point"",""coordinates"":[92.29521827409872,22.45087818433566]}"
000000000000000001cd,0,,,22.60002,92.20261,"{""type"":""Point"",""coordinates"":[92.20261166342075,22.600021737270264]}"
000000000000000001ce,0,,,22.43667,92.49558,"{""type"":""Point"",""coordinates"":[92.4955790617332,22.436671488379382]}"
000000000000000001cf,0,,,21.06709,92.70925,"{""type"":""Point"",""coordinates"":[92.70925026601222,21.067089813520855]}"
000000000000000001d0,0,,,21.05914,92.70278,"{""type"":""Point"",""coordinates"":[92.70278011038367,21.059139236342563]}"
00000000000000000002,1,G,2.0,24.09975,88.96127778,"{""type"":""Point"",""coordinates"":[88.96127773036778,24.099751194575717]}"
00000000000000000006,1,G,2.0,24.1005,88.96488889,"{""type"":""Point"",""coordinates"":[88.96488960222108,24.100500323552694]}"
00000000000000000007,1,G,2.0,24.09586111,88.96152778,"{""type"":""Point"",""coordinates"":[88.96152744002677,24.095862858457107]}"
00000000000000000008,1,G,2.0,24.08097222,88.00277778,"{""type"":""Point"",""coordinates"":[88.00277612252538,24.080973920039657]}"
00000000000000000009,1,G,2.0,24.08597222,88.99722222,"{""type"":""Point"",""coordinates"":[88.99722254395961,24.08597257232057]}"
0000000000000000000b,1,G,2.0,24.03694444,88.97005556,"{""type"":""Point"",""coordinates"":[88.97005770034202,24.03694475623793]}"
00000000000000000016,1,G,2.0,24.01247222,88.98713889,"{""type"":""Point"",""coordinates"":[88.98714051647777,24.01247320965662]}"
00000000000000000017,1,G,2.0,23.01252778,88.98708333,"{""type"":""Point"",""coordinates"":[88.98708254816407,23.01252871662349]}"
00000000000000000028,1,G,2.0,24.47972222,91.00583333,"{""type"":""Point"",""coordinates"":[91.0058335316864,24.479720113541948]}"
00000000000000000029,1,G,2.0,24.81,90.59805556,"{""type"":""Point"",""coordinates"":[90.59805765855089,24.81000126946963]}"
0000000000000000002a,1,G,2.0,24.47555556,90.59944444,"{""type"":""Point"",""coordinates"":[90.59944443897851,24.475555313158026]}"
0000000000000000002b,1,G,2.0,24.47583333,90.58805556,"{""type"":""Point"",""coordinates"":[90.58805589488803,24.475831777423345]}"
0000000000000000002c,1,G,2.0,24.42055556,90.64916667,"{""type"":""Point"",""coordinates"":[90.6491678748255,24.42055676076482]}"
00000000000000000030,1,G,2.0,24.45027778,90.64861111,"{""type"":""Point"",""coordinates"":[90.64861048719382,24.450276669286044]}"
00000000000000000033,1,G,2.0,24.45888889,90.71166667,"{""type"":""Point"",""coordinates"":[90.71166663519058,24.458887193420246]}"
00000000000000000034,1,G,2.0,24.46305556,90.69,"{""type"":""Point"",""coordinates"":[90.68999986317189,24.463056452905217]}"
00000000000000000036,1,G,2.0,24.45583333,90.68361111,"{""type"":""Point"",""coordinates"":[90.6836099713623,24.455832709198635]}"
00000000000000000037,1,G,2.0,24.45333333,90.67722222,"{""type"":""Point"",""coordinates"":[90.67722007955271,24.453331153507655]}"
00000000000000000038,1,G,2.0,24.41666667,90.67111111,"{""type"":""Point"",""coordinates"":[90.6711111111095,24.41666842464622]}"
00000000000000000039,1,G,2.0,24.43333333,90.67222222,"{""type"":""Point"",""coordinates"":[90.67222142727181,24.43333208528295]}"
0000000000000000003a,1,G,2.0,24.40027778,90.66444444,"{""type"":""Point"",""coordinates"":[90.6644447550346,24.400276769173754]}"
0000000000000000003b,1,G,2.0,24.405,90.66666667,"{""type"":""Point"",""coordinates"":[90.66666538735922,24.40499895718935]}"
0000000000000000003c,1,G,2.0,24.40833333,90.65583333,"{""type"":""Point"",""coordinates"":[90.6558342309004,24.40833436477733]}"
0000000000000000003d,1,G,2.0,24.40611111,90.64,"{""type"":""Point"",""coordinates"":[90.63999996305961,24.40610927335166]}"
0000000000000000003e,1,G,2.0,24.38416667,90.70888889,"{""type"":""Point"",""coordinates"":[90.70888861523429,24.384166037067654]}"
0000000000000000003f,1,G,2.0,24.40444444,90.68222222,"{""type"":""Point"",""coordinates"":[90.68222319093468,24.40444602865872]}"
00000000000000000040,1,G,2.0,24.44138889,90.76972222,"{""type"":""Point"",""coordinates"":[90.76972413090645,24.441389680886527]}"
00000000000000000042,1,G,2.0,24.39777778,90.68944444,"{""type"":""Point"",""coordinates"":[90.68944247554022,24.397779672583827]}"
00000000000000000043,1,G,2.0,24.38861111,90.67805556,"{""type"":""Point"",""coordinates"":[90.67805393144971,24.38861176081794]}"
00000000000000000046,1,G,2.0,24.41,90.70527778,"{""type"":""Point"",""coordinates"":[90.70527674338099,24.410002068571323]}"
00000000000000000047,1,G,2.0,24.41027778,90.705,"{""type"":""Point"",""coordinates"":[90.70500027911568,24.41027853283663]}"
00000000000000000048,1,G,2.0,24.42333333,90.72416667,"{""type"":""Point"",""coordinates"":[90.7241654954434,24.423334780721124]}"
0000000000000000004c,1,G,2.0,23.660223,88.850303,"{""type"":""Point"",""coordinates"":[88.85030408245068,23.660222062838614]}"
0000000000000000004e,1,G,2.0,23.672823,88.807521,"{""type"":""Point"",""coordinates"":[88.80751900784286,23.67282348241565]}"
00000000000000000051,1,G,2.0,23.379609,88.869827,"{""type"":""Point"",""coordinates"":[88.86982602686265,23.379610833545264]}"
00000000000000000052,1,G,2.0,23.678707,88.871889,"{""type"":""Point"",""coordinates"":[88.87189059065041,23.678705036705143]}"
00000000000000000053,1,G,2.0,23.666641,88.877117,"{""type"":""Point"",""coordinates"":[88.87711665708504,23.666643168355574]}"
00000000000000000054,1,G,2.0,24.033117,88.438756,"{""type"":""Point"",""coordinates"":[88.43875580982395,24.033118847534073]}"
0000000000000000005a,1,G,2.0,23.594014,88.838234,"{""type"":""Point"",""coordinates"":[88.838233295899,23.594013330397043]}"
0000000000000000005b,1,G,2.0,23.59845,88.882978,"{""type"":""Point"",""coordinates"":[88.88297591586927,23.598450135945225]}"
0000000000000000005c,1,G,2.0,23.598774,88.88444,"{""type"":""Point"",""coordinates"":[88.8844385010148,23.598775650322125]}"
0000000000000000005d,1,G,2.0,23.577778,88.952464,"{""type"":""Point"",""coordinates"":[88.95246208758513,23.57777774346145]}"
0000000000000000005e,1,G,2.0,23.588787,88.938898,"{""type"":""Point"",""coordinates"":[88.93889750218054,23.588787263962406]}"
00000000000000000060,1,G,2.0,25.595414,88.955674,"{""type"":""Point"",""coordinates"":[88.9556726403436,25.59541395172042]}"
00000000000000000066,1,G,2.0,23.552042,88.92633,"{""type"":""Point"",""coordinates"":[88.92633175541192,23.552039812180958]}"
0000000000000000006b,1,G,2.0,23.90130556,89.12013889,"{""type"":""Point"",""coordinates"":[89.12013766449785,23.90130336129316]}"
0000000000000000006d,1,G,2.0,23.80608333,89.1005,"{""type"":""Point"",""coordinates"":[89.10049978345847,23.806083717397883]}"
0000000000000000006f,1,G,2.0,23.80738889,89.10819444,"{""type"":""Point"",""coordinates"":[89.10819619187671,23.80739023400654]}"
00000000000000000070,1,G,2.0,23.85819444,89.11638889,"{""type"":""Point"",""coordinates"":[89.1163875605119,23.858192772308445]}"
00000000000000000072,1,G,2.0,23.85416667,89.09722222,"{""type"":""Point"",""coordinates"":[89.09722234418419,23.854166204057183]}"
00000000000000000073,1,G,2.0,23.86213889,89.06258333,"{""type"":""Point"",""coordinates"":[89.06258404720101,23.862139076740746]}"
00000000000000000074,1,G,2.0,23.84275,89.03544444,"{""type"":""Point"",""coordinates"":[89.03544595818974,23.842750905360358]}"
00000000000000000075,1,G,2.0,23.73252778,89.14722222,"{""type"":""Point"",""coordinates"":[89.14722224429647,23.732526386420233]}"
00000000000000000076,1,G,2.0,23.90627778,89.11716667,"{""type"":""Point"",""coordinates"":[89.11716790319625,23.906279718068806]}"
00000000000000000077,1,G,2.0,23.83527778,89.02525,"{""type"":""Point"",""coordinates"":[89.02524799408052,23.835277451994788]}"
00000000000000000078,1,G,2.0,23.73763889,89.14758333,"{""type"":""Point"",""coordinates"":[89.1475834314818,23.737640975328535]}"
00000000000000000079,1,G,2.0,23.84302778,89.03541667,"{""type"":""Point"",""coordinates"":[89.03541474448237,23.843027369625677]}"
0000000000000000007a,1,G,2.0,23.77769444,89.11425,"{""type"":""Point"",""coordinates"":[89.1142516511073,23.77769262099059]}"
0000000000000000007d,1,G,2.0,23.86166667,89.03761111,"{""type"":""Point"",""coordinates"":[89.03761308130171,23.86166641202908]}"
0000000000000000007e,1,G,2.0,23.88838889,89.11427778,"{""type"":""Point"",""coordinates"":[89.11427840571362,23.888389804642383]}"
00000000000000000083,1,G,2.0,23.82741667,89.06641667,"{""type"":""Point"",""coordinates"":[89.06641887410699,23.827416056837567]}"
00000000000000000085,1,G,2.0,23.80833333,89.14513889,"{""type"":""Point"",""coordinates"":[89.14513984410452,23.80833110432882]}"
00000000000000000086,1,G,2.0,23.87172222,89.074,"{""type"":""Point"",""coordinates"":[89.07399934589783,23.8717216849046]}"
00000000000000000089,1,G,2.0,23.80033333,89.11,"{""type"":""Point"",""coordinates"":[89.11000212780337,23.800331477038927]}"
0000000000000000008a,1,G,2.0,23.76619444,89.12333333,"{""type"":""Point"",""coordinates"":[89.12333483995316,23.76619259937375]}"
0000000000000000008b,1,G,2.0,23.75622222,89.09236111,"{""type"":""Point"",""coordinates"":[89.09236192403593,23.75622204941825]}"
0000000000000000008d,1,G,2.0,23.75316667,89.11894444,"{""type"":""Point"",""coordinates"":[89.11894262541551,23.753167565196637]}"
0000000000000000008e,1,G,2.0,23.74416667,89.12905556,"{""type"":""Point"",""coordinates"":[89.12905586660473,23.74416464016973]}"
00000000000000000090,1,G,2.0,23.92686111,89.13322222,"{""type"":""Point"",""coordinates"":[89.13322066698865,23.926862928531513]}"
00000000000000000091,1,G,2.0,23.92991667,89.13416667,"{""type"":""Point"",""coordinates"":[89.13416599641198,23.929917412753127]}"
00000000000000000095,1,G,2.0,23.78541667,89.11222222,"{""type"":""Point"",""coordinates"":[89.11222276012798,23.785415784015157]}"
00000000000000000096,1,G,2.0,23.78533333,89.11227778,"{""type"":""Point"",""coordinates"":[89.11227626934061,23.785335520196192]}"
00000000000000000097,1,G,2.0,23.84775,89.14305556,"{""type"":""Point"",""coordinates"":[89.14305744391255,23.84774955764128]}"
00000000000000000098,1,G,2.0,23.86172222,89.12505556,"{""type"":""Point"",""coordinates"":[89.12505605295979,23.861724380342775]}"
00000000000000000099,1,G,2.0,23.75638889,89.00486111,"{""type"":""Point"",""coordinates"":[89.00486098406417,23.756387036157218]}"
0000000000000000009a,1,G,2.0,23.75686111,89.00511111,"{""type"":""Point"",""coordinates"":[89.00511069372315,23.756859700868887]}"
0000000000000000009b,1,G,2.0,23.73794444,89.03122222,"{""type"":""Point"",""coordinates"":[89.03122318949214,23.73794419420017]}"
0000000000000000009c,1,G,2.0,23.73822222,89.00880556,"{""type"":""Point"",""coordinates"":[89.00880728849646,23.73822065846549]}"
0000000000000000009f,1,G,2.0,23.88430556,89.12033333,"{""type"":""Point"",""coordinates"":[89.1203338649442,23.884305268077423]}"
000000000000000000a0,1,G,2.0,23.74041667,89.13841667,"{""type"":""Point"",""coordinates"":[89.13841551971592,23.740414536183778]}"
000000000000000000a2,1,G,2.0,23.75611111,89.12138889,"{""type"":""Point"",""coordinates"":[89.12139067189386,23.756110571891906]}"
000000000000000000a4,1,G,2.0,23.75263889,87.13819444,"{""type"":""Point"",""coordinates"":[87.1381965601717,23.752636932171274]}"
000000000000000000a5,1,G,2.0,23.76555556,89.1225,"{""type"":""Point"",""coordinates"":[89.12250098805617,23.765554947923107]}"
000000000000000000a7,1,G,2.0,23.78802778,89.01708333,"{""type"":""Point"",""coordinates"":[89.01708338005166,23.788028817232476]}"
000000000000000000a9,1,G,2.0,23.862,89.04763889,"{""type"":""Point"",""coordinates"":[89.04763714046987,23.862000844608094]}"
000000000000000000aa,1,G,2.0,23.84872222,89.08866667,"{""type"":""Point"",""coordinates"":[89.08866532926262,23.84872164167093]}"
000000000000000000ad,1,G,2.0,23.93669444,89.0845,"{""type"":""Point"",""coordinates"":[89.08450052887872,23.936695246354365]}"
000000000000000000ae,1,G,2.0,23.78897222,89.07272222,"{""type"":""Point"",""coordinates"":[89.07272404299655,23.788974146655807]}"
000000000000000000b0,1,G,2.0,23.847,89.14186111,"{""type"":""Point"",""coordinates"":[89.14186240483023,23.847000428664295]}"
000000000000000000b2,1,G,2.0,23.89325,89.09697222,"{""type"":""Point"",""coordinates"":[89.09697263452519,23.893250224790638]}"
000000000000000000b4,1,G,2.0,23.872,89.14369444,"{""type"":""Point"",""coordinates"":[89.1436950953632,23.87199814916992]}"
000000000000000000b8,1,G,2.0,23.76988889,89.05511111,"{""type"":""Point"",""coordinates"":[89.05511059383544,23.76988919414706]}"
000000000000000000bb,1,G,2.0,23.77472222,89.05480556,"{""type"":""Point"",""coordinates"":[89.05480737496381,23.774722859688993]}"
000000000000000000bc,1,G,2.0,23.87213889,89.14308333,"{""type"":""Point"",""coordinates"":[89.14308419851888,23.872140840403624]}"
000000000000000000c4,1,G,2.0,23.92361111,88.98805556,"{""type"":""Point"",""coordinates"":[88.98805463219372,23.923612243863552]}"
000000000000000000c6,1,G,2.0,23.93636111,88.96652778,"{""type"":""Point"",""coordinates"":[88.96652609230769,23.93636081377535]}"
000000000000000000c7,1,G,2.0,23.93811111,89.02255556,"{""type"":""Point"",""coordinates"":[89.02255469704423,23.938113240489358]}"
000000000000000000c9,1,G,2.0,23.96738889,89.03211111,"{""type"":""Point"",""coordinates"":[89.03211055060177,23.96738723890523]}"
000000000000000000ca,1,G,2.0,23.97880556,89.01813889,"{""type"":""Point"",""coordinates"":[89.01814018700132,23.978806996703103]}"
000000000000000000cb,1,G,2.0,23.9525,89.00672222,"{""type"":""Point"",""coordinates"":[89.00672042920345,23.952498300487772]}"
000000000000000000cc,1,G,2.0,23.98477778,89.99533333,"{""type"":""Point"",""coordinates"":[89.99533434645979,23.98477773301367]}"
000000000000000000cd,1,G,2.0,24.01672222,89.01594444,"{""type"":""Point"",""coordinates"":[89.01594630928302,24.016722732960552]}"
000000000000000000d1,1,G,2.0,23.87163889,89.03208333,"{""type"":""Point"",""coordinates"":[89.03208379599545,23.871636961984585]}"
000000000000000000d2,1,G,2.0,23.93533333,88.99552778,"{""type"":""Point"",""coordinates"":[88.9955280855593,23.93533522053306]}"
000000000000000000d4,1,G,2.0,23.96333333,89.05036111,"{""type"":""Point"",""coordinates"":[89.05036165121352,23.96333391604765]}"
000000000000000000d6,1,G,2.0,23.931,89.07777778,"{""type"":""Point"",""coordinates"":[89.0777762044901,23.93100097430911]}"
000000000000000000d7,1,G,2.0,23.92077778,89.04525,"{""type"":""Point"",""coordinates"":[89.04525152140627,23.92077625559356]}"
000000000000000000d9,1,G,2.0,23.91730556,89.00252778,"{""type"":""Point"",""coordinates"":[89.00252887421321,23.91730707497398]}"
000000000000000000da,1,G,2.0,23.92291667,89.02825,"{""type"":""Point"",""coordinates"":[89.02824896908949,23.922916624099212]}"
000000000000000000db,1,G,2.0,23.90880556,89.00233333,"{""type"":""Point"",""coordinates"":[89.00233267376686,23.90880356926506]}"
000000000000000000dc,1,G,2.0,23.90877778,88.99086111,"{""type"":""Point"",""coordinates"":[88.99085940675634,23.908776814658736]}"
000000000000000000dd,1,G,2.0,23.91530556,89.00877778,"{""type"":""Point"",""coordinates"":[89.00877607478908,23.91530493860098]}"
000000000000000000de,1,G,2.0,23.92680556,89.01319444,"{""type"":""Point"",""coordinates"":[89.01319504393305,23.926804960217815]}"
000000000000000000e1,1,G,2.0,23.86675,88.94133333,"{""type"":""Point"",""coordinates"":[88.94133217135573,23.86674978723001]}"
000000000000000000e2,1,G,2.0,23.93461111,88.99938889,"{""type"":""Point"",""coordinates"":[88.99938966707158,23.934612846162405]}"
000000000000000000e3,1,G,2.0,23.91275,88.95925,"{""type"":""Point"",""coordinates"":[88.95924883938848,23.912749873697358]}"
000000000000000000e7,1,G,2.0,23.88261111,88.91069444,"{""type"":""Point"",""coordinates"":[88.91069368801749,23.882610809677118]}"
000000000000000000e8,1,G,2.0,23.89072222,88.90105556,"{""type"":""Point"",""coordinates"":[88.901057570641,23.890721914493337]}"
000000000000000000eb,1,G,2.0,23.89683333,89.00452778,"{""type"":""Point"",""coordinates"":[89.00452655148516,23.89683534203761]}"
000000000000000000ed,1,G,2.0,23.88752778,88.97738889,"{""type"":""Point"",""coordinates"":[88.97738846247388,23.887529198139067]}"
000000000000000000ee,1,G,2.0,23.8835,89.95805556,"{""type"":""Point"",""coordinates"":[89.95805626165297,23.88349817078675]}"
000000000000000000ef,1,G,2.0,23.86719444,88.99247222,"{""type"":""Point"",""coordinates"":[88.9924736013377,23.867195697335358]}"
000000000000000000f1,1,G,2.0,23.863,89.02808333,"{""type"":""Point"",""coordinates"":[89.02808398235051,23.86299968324406]}"
000000000000000000f2,1,G,2.0,23.87377778,89.02569444,"{""type"":""Point"",""coordinates"":[89.02569390418586,23.87377733049024]}"
000000000000000000f3,1,G,2.0,23.86663889,89.03097222,"{""type"":""Point"",""coordinates"":[89.03097347983314,23.86663830970367]}"
000000000000000000f4,1,G,2.0,23.84747222,89.03480556,"{""type"":""Point"",""coordinates"":[89.03480384763805,23.847473093375964]}"
000000000000000000f5,1,G,2.0,23.87311111,89.03183333,"{""type"":""Point"",""coordinates"":[89.03183408633646,23.87311292443328]}"
000000000000000000f8,1,G,2.0,23.85627778,88.96069444,"{""type"":""Point"",""coordinates"":[88.9606935881298,23.856279817956516]}"
000000000000000000f9,1,G,2.0,23.83063889,88.97733333,"{""type"":""Point"",""coordinates"":[88.97733495326123,23.830639986899204]}"
000000000000000000fb,1,G,2.0,24.03636111,88.7675,"{""type"":""Point"",""coordinates"":[88.76749857588818,24.03636061399993]}"
000000000000000000fd,1,G,2.0,23.83997222,88.90563889,"{""type"":""Point"",""coordinates"":[88.90563706742289,23.839972885404066]}"
000000000000000000fe,1,G,2.0,23.86180556,88.89961111,"{""type"":""Point"",""coordinates"":[88.89961282189968,23.861804644161737]}"
000000000000000000ff,1,G,2.0,23.83452778,88.88941667,"{""type"":""Point"",""coordinates"":[88.88941485779044,23.834528323017807]}"
00000000000000000100,1,G,2.0,23.84238889,88.88644444,"{""type"":""Point"",""coordinates"":[88.88644509648886,23.842389718175035]}"
00000000000000000101,1,G,2.0,23.81861111,88.92363889,"{""type"":""Point"",""coordinates"":[88.92363845837565,23.818609332257004]}"
00000000000000000103,1,G,2.0,23.80505556,88.97702778,"{""type"":""Point"",""coordinates"":[88.97702727528855,23.80505366505453]}"
00000000000000000104,1,G,2.0,23.85852778,88.96008333,"{""type"":""Point"",""coordinates"":[88.96008269128545,23.858527204887455]}"
00000000000000000105,1,G,2.0,23.81716667,88.98916667,"{""type"":""Point"",""coordinates"":[88.98916494835603,23.817164583515694]}"
00000000000000000106,1,G,2.0,23.80886111,88.98611111,"{""type"":""Point"",""coordinates"":[88.98611046413443,23.808861737354178]}"
00000000000000000107,1,G,2.0,23.81841667,88.99113889,"{""type"":""Point"",""coordinates"":[88.99114033012272,23.81841759091171]}"
00000000000000000108,1,G,2.0,23.815,88.99380556,"{""type"":""Point"",""coordinates"":[88.99380687255267,23.815001919504766]}"
0000000000000000010a,1,G,2.0,23.99588889,88.99388889,"{""type"":""Point"",""coordinates"":[88.99388713637163,23.99588981283885]}"
0000000000000000010b,1,G,2.0,23.98322222,88.9885,"{""type"":""Point"",""coordinates"":[88.98850054229906,23.98322150674602]}"
0000000000000000010c,1,G,2.0,23.99516667,88.99627778,"{""type"":""Point"",""coordinates"":[88.99627721453629,23.995167438468197]}"
0000000000000000010d,1,G,2.0,23.95391667,89.00425,"{""type"":""Point"",""coordinates"":[89.00425008721984,23.953916294622765]}"
0000000000000000010e,1,G,2.0,23.95072222,88.96366667,"{""type"":""Point"",""coordinates"":[88.96366780853243,23.950723578268498]}"
00000000000000000110,1,G,2.0,23.93772222,89.00127778,"{""type"":""Point"",""coordinates"":[89.0012758668172,23.937720839596654]}"
0000000000000000016c,1,G,2.0,23.86666667,90.05,"{""type"":""Point"",""coordinates"":[90.04999846627396,23.866665064309988]}"
0000000000000000016d,1,G,2.0,23.83333333,90.01666667,"{""type"":""Point"",""coordinates"":[90.01666668589945,23.833333283935485]}"
00000000000000000172,1,G,2.0,23.93888889,88.92194444,"{""type"":""Point"",""coordinates"":[88.92194399997534,23.93888912407266]}"
00000000000000000173,1,G,2.0,23.92166667,88.95472222,"{""type"":""Point"",""coordinates"":[88.95472285181921,23.92166807580425]}"
00000000000000000174,1,G,2.0,23.94611111,88.91111111,"{""type"":""Point"",""coordinates"":[88.91111284351652,23.946112867779238]}"
00000000000000000175,1,G,2.0,23.92361111,88.93888889,"{""type"":""Point"",""coordinates"":[88.93888858397843,23.923612243863552]}"
00000000000000000176,1,G,2.0,23.94138889,88.93388889,"{""type"":""Point"",""coordinates"":[88.93388993169752,23.941390679763643]}"
00000000000000000177,1,G,2.0,24.12777778,88.75583333,"{""type"":""Point"",""coordinates"":[88.75583356753236,24.127776644696628]}"
00000000000000000178,1,G,2.0,24.09,88.78972222,"{""type"":""Point"",""coordinates"":[88.78972273553856,24.089999140571834]}"
00000000000000000179,1,G,2.0,24.09305556,88.79722222,"{""type"":""Point"",""coordinates"":[88.79722294351045,24.093053624793445]}"
0000000000000000017a,1,G,2.0,24.11472222,88.77361111,"{""type"":""Point"",""coordinates"":[88.77361200343246,24.114720396812135]}"
0000000000000000017b,1,G,2.0,24.11055556,88.78027778,"{""type"":""Point"",""coordinates"":[88.78027835950736,24.110555596428217]}"
0000000000000000017c,1,G,2.0,24.02166667,88.87722222,"{""type"":""Point"",""coordinates"":[88.87722367551032,24.021667876028825]}"
0000000000000000017d,1,G,2.0,24.0,88.89083333,"{""type"":""Point"",""coordinates"":[88.89083285192544,24.00000110401013]}"
0000000000000000017e,1,G,2.0,24.00972222,88.86305556,"{""type"":""Point"",""coordinates"":[88.86305711146353,24.009721944306644]}"
00000000000000000183,1,G,2.0,24.04944444,89.11416667,"{""type"":""Point"",""coordinates"":[89.11416692818727,24.04944361649074]}"
00000000000000000188,1,G,2.0,23.15861111,88.775,"{""type"":""Point"",""coordinates"":[88.77499878386008,23.15861332623543]}"
00000000000000000189,1,G,2.0,23.15888889,88.78194444,"{""type"":""Point"",""coordinates"":[88.78194606330136,23.15888979050074]}"
0000000000000000018a,1,G,2.0,24.01944444,89.145,"{""type"":""Point"",""coordinates"":[89.14500161197186,24.019442784603157]}"
0000000000000000018b,1,G,2.0,23.87166667,89.07388889,"{""type"":""Point"",""coordinates"":[89.0738878683715,23.871668175691962]}"
0000000000000000018e,1,G,2.0,24.06444444,89.10972222,"{""type"":""Point"",""coordinates"":[89.109721204437,24.064444032434533]}"
0000000000000000018f,1,G,2.0,24.06166667,88.75694444,"{""type"":""Point"",""coordinates"":[88.75694388369467,24.061666012478234]}"
00000000000000000190,1,G,2.0,24.09361111,88.71166667,"{""type"":""Point"",""coordinates"":[88.71166617159798,24.09361101242512]}"
00000000000000000191,1,G,2.0,24.12777778,88.73694444,"{""type"":""Point"",""coordinates"":[88.73694481546998,24.127776644696624]}"
00000000000000000192,1,G,2.0,24.05833333,88.75416667,"{""type"":""Point"",""coordinates"":[88.75416586373838,24.05833506399131]}"
00000000000000000194,1,G,2.0,24.06277778,88.85583333,"{""type"":""Point"",""coordinates"":[88.85583336775694,24.062776328640542]}"
00000000000000000195,1,G,2.0,24.0675,88.86333333,"{""type"":""Point"",""coordinates"":[88.86333357572884,24.06749851665614]}"
00000000000000000196,1,G,2.0,24.07861111,88.88333333,"{""type"":""Point"",""coordinates"":[88.88333264395355,24.07861059648133]}"
00000000000000000197,1,G,2.0,24.06861111,88.88805556,"{""type"":""Point"",""coordinates"":[88.88805483196914,24.068613291919508]}"
00000000000000000198,1,G,2.0,24.08444444,88.9125,"{""type"":""Point"",""coordinates"":[88.91249962394414,24.084443100659232]}"
00000000000000000199,1,G,2.0,24.06333333,88.88166667,"{""type"":""Point"",""coordinates"":[88.88166494015955,24.063333716272222]}"
0000000000000000019b,1,G,2.0,24.00666667,88.76527778,"{""type"":""Point"",""coordinates"":[88.76527794356358,24.006667460085033]}"
0000000000000000019d,1,G,2.0,24.0525,88.76083333,"{""type"":""Point"",""coordinates"":[88.76083221981328,24.05249810071235]}"
0000000000000000019f,1,G,2.0,24.03083333,88.78722222,"{""type"":""Point"",""coordinates"":[88.78722117984758,24.030831328693658]}"
000000000000000001a8,1,G,2.0,23.985,88.89722222,"{""type"":""Point"",""coordinates"":[88.89722274373503,23.98500068806634]}"
000000000000000001a9,1,G,2.0,23.97888889,88.91611111,"{""type"":""Point"",""coordinates"":[88.91611149579742,23.97888726052206]}"
000000000000000001ac,1,G,2.0,24.01888889,88.92611111,"{""type"":""Point"",""coordinates"":[88.92611325946031,24.01888985607253]}"
000000000000000001ad,1,G,2.0,24.00583333,88.93472222,"{""type"":""Point"",""coordinates"":[88.9347237835945,24.00583360818804]}"
000000000000000001ae,1,G,2.0,23.98366667,88.94183333,"{""type"":""Point"",""coordinates"":[88.9418315906737,23.98366741685136]}"
000000000000000001af,1,G,2.0,23.98366667,88.8585,"{""type"":""Point"",""coordinates"":[88.85849991018691,23.983667416851358]}"
000000000000000001b0,1,G,2.0,23.87555556,88.86111111,"{""type"":""Point"",""coordinates"":[88.86111294340422,23.875556511810565]}"
000000000000000001b1,1,G,2.0,23.86277778,88.86277778,"{""type"":""Point"",""coordinates"":[88.86277618809716,23.862776728191385]}"
000000000000000001b2,1,G,2.0,23.88055556,88.84416667,"{""type"":""Point"",""coordinates"":[88.84416835940114,23.880555164091476]}"
000000000000000001b3,1,G,2.0,23.96833333,88.87555556,"{""type"":""Point"",""coordinates"":[88.87555597171634,23.968332568328556]}"
000000000000000001b4,1,G,2.0,23.9575,88.83472222,"{""type"":""Point"",""coordinates"":[88.83472398336994,23.957501411869735]}"
000000000000000001b5,1,G,2.0,23.95944444,88.81972222,"{""type"":""Point"",""coordinates"":[88.81972356742614,23.959445579929046]}"
000000000000000001b6,1,G,2.0,23.96194444,88.83166667,"{""type"":""Point"",""coordinates"":[88.83166504004727,23.961942676518973]}"
000000000000000001b7,1,G,2.0,23.98138889,88.81083333,"{""type"":""Point"",""coordinates"":[88.81083211992556,23.981388816213048]}"
000000000000000001ba,1,G,2.0,24.39611111,88.82861111,"{""type"":""Point"",""coordinates"":[88.82861055582566,24.396111968789835]}"
000000000000000001bb,1,G,2.0,24.04305556,88.83694444,"{""type"":""Point"",""coordinates"":[88.83694461569455,24.043053724681155]}"
000000000000000001bc,1,G,2.0,24.04416667,88.84611111,"{""type"":""Point"",""coordinates"":[88.84611252746043,24.04416849994451]}"
00000000000000000021,1,G,2.0,24.06169444,88.94152778,"{""type"":""Point"",""coordinates"":[88.94152837180208,24.06169276708456]}"
000000000000000000e0,1,G,2.0,23.90747222,88.94152778,"{""type"":""Point"",""coordinates"":[88.94152837180208,23.90747029805008]}"
00000000000000000122,1,G,2.0,23.31666667,89.83333333,"{""type"":""Point"",""coordinates"":[89.83333520518808,23.316666163074817]}"
00000000000000000123,1,G,2.0,24.11666667,89.83333333,"{""type"":""Point"",""coordinates"":[89.83333520518808,24.116664564871435]}"
00000000000000000160,1,G,2.0,23.43333333,89.83333333,"{""type"":""Point"",""coordinates"":[89.83333520518808,23.433334083037177]}"
00000000000000000161,1,G,2.0,23.95,89.83333333,"{""type"":""Point"",""coordinates"":[89.83333520518808,23.95000120389785]}"
00000000000000000163,1,G,2.0,23.8,89.83333333,"{""type"":""Point"",""coordinates"":[89.83333520518808,23.800001503560978]}"
00000000000000000166,1,G,2.0,23.71666667,89.83333333,"{""type"":""Point"",""coordinates"":[89.83333520518808,23.716665363973128]}"
0000000000000000004a,1,G,2.0,24.4175,90.66777778,"{""type"":""Point"",""coordinates"":[90.66777570352151,24.417497817442165]}"
0000000000000000004b,1,G,2.0,24.41777778,90.66777778,"{""type"":""Point"",""coordinates"":[90.66777570352151,24.41777874080853]}"
00000000000000000088,1,G,2.0,23.83736111,89.11797222,"{""type"":""Point"",""coordinates"":[89.11797054138589,23.837359852186747]}"
0000000000000000018d,1,G,2.0,23.83736111,89.11797222,"{""type"":""Point"",""coordinates"":[89.11797054138589,23.837359852186747]}"
000000000000000000cf,1,G,2.0,23.96286111,89.05958333,"{""type"":""Point"",""coordinates"":[89.05958307219205,23.962861251335976]}"
00000000000000000118,1,G,2.0,23.41666667,89.8,"{""type"":""Point"",""coordinates"":[89.79999896571252,23.416665963299394]}"
00000000000000000119,1,G,2.0,23.28333333,89.8,"{""type"":""Point"",""coordinates"":[89.79999896571252,23.283334382700307]}"
0000000000000000011a,1,G,2.0,23.21666667,89.8,"{""type"":""Point"",""coordinates"":[89.79999896571252,23.21666636285024]}"
0000000000000000011b,1,G,2.0,23.21666667,89.8,"{""type"":""Point"",""coordinates"":[89.79999896571252,23.21666636285024]}"
0000000000000000011c,1,G,2.0,23.6,89.8,"{""type"":""Point"",""coordinates"":[89.79999896571252,23.600001903111824]}"
00000000000000000120,1,G,2.0,23.31666667,90.3,"{""type"":""Point"",""coordinates"":[90.29999796683542,23.316666163074817]}"
00000000000000000121,1,G,2.0,23.7,90.3,"{""type"":""Point"",""coordinates"":[90.29999796683542,23.700001703336397]}"
0000000000000000002d,1,G,2.0,24.41444444,90.66166667,"{""type"":""Point"",""coordinates"":[90.6616667350783,24.414443333220554]}"
00000000000000000035,1,G,2.0,24.46916667,90.66166667,"{""type"":""Point"",""coordinates"":[90.6616667350783,24.46916542134844]}"
0000000000000000006c,1,G,2.0,23.90186111,89.12027778,"{""type"":""Point"",""coordinates"":[89.12027589663052,23.901860748924847]}"
0000000000000000008c,1,G,2.0,23.78908333,89.12027778,"{""type"":""Point"",""coordinates"":[89.12027589663052,23.78908116508109]}"
0000000000000000016a,1,G,2.0,24.0,89.88333333,"{""type"":""Point"",""coordinates"":[89.88333510530038,24.000001104010135]}"
0000000000000000016b,1,G,2.0,23.86666667,89.88333333,"{""type"":""Point"",""coordinates"":[89.88333510530038,23.86666506430999]}"
0000000000000000016f,1,G,2.0,23.3,89.88333333,"{""type"":""Point"",""coordinates"":[89.88333510530038,23.299998043337038]}"
00000000000000000171,1,G,2.0,23.33333333,89.88333333,"{""type"":""Point"",""coordinates"":[89.88333510530038,23.333334282812597]}"
00000000000000000111,1,G,2.0,23.73333333,89.76666667,"{""type"":""Point"",""coordinates"":[89.76666718533801,23.733333483710908]}"
00000000000000000112,1,G,2.0,23.13333333,89.76666667,"{""type"":""Point"",""coordinates"":[89.76666718533801,23.133334682363444]}"
00000000000000000114,1,G,2.0,23.83333333,89.76666667,"{""type"":""Point"",""coordinates"":[89.76666718533801,23.833333283935485]}"
000000000000000000c1,1,G,2.0,23.97191667,88.95808333,"{""type"":""Point"",""coordinates"":[88.95808501401352,23.97191768557553]}"
000000000000000000c2,1,G,2.0,23.95661111,88.95808333,"{""type"":""Point"",""coordinates"":[88.95808501401352,23.95660959165905]}"
00000000000000000080,1,G,2.0,23.79688889,89.15883333,"{""type"":""Point"",""coordinates"":[89.15883374343964,23.796889051025676]}"
00000000000000000185,1,G,2.0,23.79666667,89.15883333,"{""type"":""Point"",""coordinates"":[89.15883374343964,23.796666095973]}"
00000000000000000082,1,G,2.0,23.86772222,89.09213889,"{""type"":""Point"",""coordinates"":[89.09213896898328,23.86772187125966]}"
00000000000000000187,1,G,2.0,23.8675,89.09213889,"{""type"":""Point"",""coordinates"":[89.09213896898328,23.867498916206987]}"
00000000000000000003,1,G,2.0,24.09441667,88.97116667,"{""type"":""Point"",""coordinates"":[88.97116801650432,24.094418109715797]}"
00000000000000000081,1,G,2.0,23.83305556,89.08255556,"{""type"":""Point"",""coordinates"":[89.0825563608194,23.833056819670176]}"
00000000000000000186,1,G,2.0,23.83305556,89.08255556,"{""type"":""Point"",""coordinates"":[89.0825563608194,23.833056819670176]}"
0000000000000000007b,1,G,2.0,23.83261111,89.0375,"{""type"":""Point"",""coordinates"":[89.03750160377538,23.832610909564828]}"
00000000000000000182,1,G,2.0,24.03472222,89.0375,"{""type"":""Point"",""coordinates"":[89.03750160377538,24.034724123913314]}"
00000000000000000162,1,G,2.0,23.8,89.85,"{""type"":""Point"",""coordinates"":[89.84999886582482,23.800001503560978]}"
00000000000000000167,1,G,2.0,23.61666667,89.85,"{""type"":""Point"",""coordinates"":[89.84999886582482,23.616665563748555]}"
00000000000000000055,1,G,2.0,23.627586,88.896445,"{""type"":""Point"",""coordinates"":[88.89644686015173,23.627585902228443]}"
00000000000000000056,1,G,2.0,23.626473,88.896445,"{""type"":""Point"",""coordinates"":[88.89644686015173,23.626471126965075]}"
00000000000000000087,1,G,2.0,23.85619444,89.09955556,"{""type"":""Point"",""coordinates"":[89.09955445403514,23.856195095036497]}"
0000000000000000018c,1,G,2.0,24.0225,89.09955556,"{""type"":""Point"",""coordinates"":[89.09955445403514,24.02250172792582]}"
00000000000000000026,1,G,2.0,24.47583333,90.59388889,"{""type"":""Point"",""coordinates"":[90.59388839906592,24.475831777423345]}"
00000000000000000027,1,G,2.0,24.47555556,90.59388889,"{""type"":""Point"",""coordinates"":[90.59388839906592,24.475555313158022]}"
00000000000000000115,1,G,2.0,23.78333333,89.81666667,"{""type"":""Point"",""coordinates"":[89.8166670854503,23.783333383823194]}"
00000000000000000116,1,G,2.0,23.78333333,89.81666667,"{""type"":""Point"",""coordinates"":[89.8166670854503,23.783333383823194]}"
0000000000000000015b,1,G,2.0,24.11666667,89.81666667,"{""type"":""Point"",""coordinates"":[89.8166670854503,24.116664564871435]}"
0000000000000000015c,1,G,2.0,23.91666667,89.81666667,"{""type"":""Point"",""coordinates"":[89.8166670854503,23.91666496442228]}"
0000000000000000015d,1,G,2.0,23.91666667,89.81666667,"{""type"":""Point"",""coordinates"":[89.8166670854503,23.91666496442228]}"
0000000000000000015e,1,G,2.0,23.8,89.81666667,"{""type"":""Point"",""coordinates"":[89.8166670854503,23.800001503560978]}"
0000000000000000015f,1,G,2.0,23.78333333,89.81666667,"{""type"":""Point"",""coordinates"":[89.8166670854503,23.783333383823194]}"
00000000000000000168,1,G,2.0,23.11666667,89.81666667,"{""type"":""Point"",""coordinates"":[89.8166670854503,23.11666656262566]}"
00000000000000000169,1,G,2.0,23.15,89.81666667,"{""type"":""Point"",""coordinates"":[89.8166670854503,23.149998343000174]}"
000000000000000000a8,1,G,2.0,23.78830556,89.01722222,"{""type"":""Point"",""coordinates"":[89.01722161218431,23.788305281497788]}"
000000000000000000fc,1,G,2.0,23.85086111,89.01722222,"{""type"":""Point"",""coordinates"":[89.01722161218431,23.85086201017658]}"
0000000000000000007f,1,G,2.0,23.78722222,89.14013889,"{""type"":""Point"",""coordinates"":[89.14013673272255,23.787221719941805]}"
00000000000000000184,1,G,2.0,24.06361111,89.14013889,"{""type"":""Point"",""coordinates"":[89.14013673272255,24.063610180537538]}"
0000000000000000000a,1,G,2.0,24.04483333,88.97475,"{""type"":""Point"",""coordinates"":[88.97474867465024,24.04483290600148]}"
000000000000000000ab,1,G,2.0,23.77997222,89.06347222,"{""type"":""Point"",""coordinates"":[89.06347140831065,23.7799712216289]}"
000000000000000000f6,1,G,2.0,23.86922222,89.06347222,"{""type"":""Point"",""coordinates"":[89.06347140831065,23.869220129213613]}"
000000000000000000e4,1,G,2.0,23.89597222,88.89361111,"{""type"":""Point"",""coordinates"":[88.89361087188173,23.89597027643324]}"
000000000000000000e6,1,G,2.0,23.89597222,88.89361111,"{""type"":""Point"",""coordinates"":[88.89361087188173,23.89597027643324]}"
000000000000000001a6,1,G,2.0,24.00361111,88.89361111,"{""type"":""Point"",""coordinates"":[88.89361087188173,24.00361297586342]}"
00000000000000000164,1,G,2.0,23.18333333,89.86666667,"{""type"":""Point"",""coordinates"":[89.86666698556259,23.183334582475734]}"
00000000000000000165,1,G,2.0,23.56666667,89.86666667,"{""type"":""Point"",""coordinates"":[89.86666698556259,23.56666566363626]}"
00000000000000000113,1,G,2.0,23.36666667,89.78333333,"{""type"":""Point"",""coordinates"":[89.7833353050758,23.366666063187104]}"
00000000000000000117,1,G,2.0,23.78333333,89.78333333,"{""type"":""Point"",""coordinates"":[89.7833353050758,23.783333383823198]}"
0000000000000000011d,1,G,2.0,23.6,89.78333333,"{""type"":""Point"",""coordinates"":[89.7833353050758,23.600001903111824]}"
0000000000000000011e,1,G,2.0,23.51666667,89.78333333,"{""type"":""Point"",""coordinates"":[89.7833353050758,23.516665763523978]}"
0000000000000000011f,1,G,2.0,23.31666667,89.78333333,"{""type"":""Point"",""coordinates"":[89.7833353050758,23.316666163074817]}"
0000000000000000016e,1,G,2.0,23.46666667,90.03333333,"{""type"":""Point"",""coordinates"":[90.03333480563724,23.466665863411684]}"
00000000000000000170,1,G,2.0,23.31666667,90.03333333,"{""type"":""Point"",""coordinates"":[90.03333480563724,23.316666163074817]}"
0000000000000000006e,1,G,2.0,23.91375,89.10488889,"{""type"":""Point"",""coordinates"":[89.10488753889506,23.91374871233333]}"
000000000000000000b1,1,G,2.0,23.93041667,89.10488889,"{""type"":""Point"",""coordinates"":[89.10488753889506,23.93041683207111]}"
000000000000000000e9,1,G,2.0,23.85516667,88.90680556,"{""type"":""Point"",""coordinates"":[88.9068053518989,23.855165042693155]}"
000000000000000000ea,1,G,2.0,23.85516667,88.90680556,"{""type"":""Point"",""coordinates"":[88.9068053518989,23.855165042693155]}"
00000000000000000005,1,F,3.0,24.09191667,88.95675,"{""type"":""Point"",""coordinates"":[88.95675174279853,24.091916554024813]}"
0000000000000000000c,1,F,3.0,24.01386111,88.98263889,"{""type"":""Point"",""coordinates"":[88.9826368244138,24.013859990084242]}"
0000000000000000000d,1,F,3.0,24.01480556,89.01161111,"{""type"":""Point"",""coordinates"":[89.01161206305908,24.01480531950757]}"
00000000000000000010,1,F,3.0,24.03925,88.99911111,"{""type"":""Point"",""coordinates"":[88.99911320280627,24.039250111482563]}"
00000000000000000011,1,F,3.0,24.03011111,88.99477778,"{""type"":""Point"",""coordinates"":[88.99477895658232,24.030108954322998]}"
00000000000000000012,1,F,3.0,24.01916667,89.01188889,"{""type"":""Point"",""coordinates"":[89.01188852732439,24.019166320337845]}"
00000000000000000013,1,F,3.0,24.024,88.98913889,"{""type"":""Point"",""coordinates"":[88.98913819374971,24.02399998587978]}"
00000000000000000014,1,F,3.0,23.985,88.99558333,"{""type"":""Point"",""coordinates"":[88.99558159477193,23.98500068806634]}"
00000000000000000015,1,F,3.0,23.98502778,88.99561111,"{""type"":""Point"",""coordinates"":[88.99561280847931,23.985027442672664]}"
00000000000000000018,1,F,3.0,24.02641667,88.95161111,"{""type"":""Point"",""coordinates"":[88.95161039928391,24.026416818650745]}"
00000000000000000019,1,F,3.0,24.01480556,89.95052778,"{""type"":""Point"",""coordinates"":[89.95052929907476,24.014805319507573]}"
0000000000000000001a,1,F,3.0,24.03630556,88.9545,"{""type"":""Point"",""coordinates"":[88.95449989676656,24.03630710478729]}"
0000000000000000001b,1,F,3.0,24.02183333,88.92627778,"{""type"":""Point"",""coordinates"":[88.92627824619929,24.0218328627678]}"
0000000000000000001c,1,F,3.0,24.02719444,88.95111111,"{""type"":""Point"",""coordinates"":[88.95111097996592,24.027192702234046]}"
0000000000000000001d,1,F,3.0,24.02466667,88.95830556,"{""type"":""Point"",""coordinates"":[88.95830350996513,24.024668851037795]}"
0000000000000000001e,1,F,3.0,24.11033333,88.93375,"{""type"":""Point"",""coordinates"":[88.93375169956487,24.110332641375543]}"
0000000000000000001f,1,F,3.0,24.08544444,88.93438889,"{""type"":""Point"",""coordinates"":[88.9343893510155,24.08544639839626]}"
00000000000000000020,1,F,3.0,24.06505556,88.94483333,"{""type"":""Point"",""coordinates"":[88.94483256568267,24.065054929278855]}"
00000000000000000022,1,F,3.0,24.05963889,88.97016667,"{""type"":""Point"",""coordinates"":[88.9701647187673,24.059637121498916]}"
00000000000000000023,1,F,3.0,24.05305556,88.95516667,"{""type"":""Point"",""coordinates"":[88.95516876192457,24.053055488344036]}"
00000000000000000024,1,F,3.0,24.02069444,88.99241667,"{""type"":""Point"",""coordinates"":[88.992415633024,24.02069579199917]}"
00000000000000000025,1,F,3.0,24.05216667,89.0145,"{""type"":""Point"",""coordinates"":[89.01450156054172,24.052168127234395]}"
0000000000000000002e,1,F,3.0,24.46305556,90.63111111,"{""type"":""Point"",""coordinates"":[90.63111297466008,24.463056452905217]}"
0000000000000000002f,1,F,3.0,24.45444444,90.62833333,"{""type"":""Point"",""coordinates"":[90.62833495470379,24.454445928771015]}"
00000000000000000031,1,F,3.0,24.45138889,90.64777778,"{""type"":""Point"",""coordinates"":[90.64777663529681,24.45138698544835]}"
00000000000000000032,1,F,3.0,24.44722222,90.70583333,"{""type"":""Point"",""coordinates"":[90.70583413101268,24.447222185064433]}"
00000000000000000041,1,F,3.0,24.44194444,90.76694444,"{""type"":""Point"",""coordinates"":[90.76694611095016,24.441942609417154]}"
00000000000000000044,1,F,3.0,24.41027778,90.70416667,"{""type"":""Point"",""coordinates"":[90.7041664272187,24.410278532836635]}"
00000000000000000045,1,F,3.0,24.40111111,90.69638889,"{""type"":""Point"",""coordinates"":[90.69638975498148,24.40111062107075]}"
00000000000000000049,1,F,3.0,24.415,90.71194444,"{""type"":""Point"",""coordinates"":[90.7119430994559,24.41500072085223]}"
0000000000000000004d,1,F,3.0,23.660753,88.850773,"{""type"":""Point"",""coordinates"":[88.85077228806128,23.66075269586397]}"
0000000000000000004f,1,F,3.0,23.667701,88.807765,"{""type"":""Point"",""coordinates"":[88.8077642584008,23.667699975305236]}"
00000000000000000050,1,F,3.0,23.66264,88.807512,"{""type"":""Point"",""coordinates"":[88.80751008964076,23.662638895609575]}"
00000000000000000057,1,F,3.0,23.617881,88.891402,"{""type"":""Point"",""coordinates"":[88.89140361686029,23.61788289833614]}"
00000000000000000058,1,F,3.0,23.620128,88.892151,"{""type"":""Point"",""coordinates"":[88.89215274583727,23.620125826166024]}"
00000000000000000059,1,F,3.0,23.598527,88.840191,"{""type"":""Point"",""coordinates"":[88.84019084126147,23.598525940663134]}"
0000000000000000005f,1,F,3.0,23.581327,88.939433,"{""type"":""Point"",""coordinates"":[88.93943259430695,23.581327187899994]}"
00000000000000000061,1,F,3.0,23.556059,88.850006,"{""type"":""Point"",""coordinates"":[88.85000532268009,23.55605746223011]}"
00000000000000000062,1,F,3.0,23.55631,88.859726,"{""type"":""Point"",""coordinates"":[88.8597261629766,23.556311630990162]}"
00000000000000000063,1,F,3.0,23.558038,88.89018,"{""type"":""Point"",""coordinates"":[88.89018182317164,23.55803730309784]}"
00000000000000000064,1,F,3.0,23.556879,88.895621,"{""type"":""Point"",""coordinates"":[88.89562192645684,23.556877936823945]}"
00000000000000000065,1,F,3.0,23.579555,88.931348,"{""type"":""Point"",""coordinates"":[88.93134824409705,23.579556924781773]}"
00000000000000000067,1,F,3.0,23.36,89.34888889,"{""type"":""Point"",""coordinates"":[89.34888954853962,23.359999707112205]}"
00000000000000000068,1,F,3.0,23.36916667,89.36611111,"{""type"":""Point"",""coordinates"":[89.36611059680803,23.369167618878087]}"
00000000000000000069,1,F,3.0,23.35,89.36694444,"{""type"":""Point"",""coordinates"":[89.36694444870501,23.349997943449328]}"
0000000000000000006a,1,F,3.0,23.34111111,89.34805556,"{""type"":""Point"",""coordinates"":[89.34805569664263,23.34111095504981]}"
00000000000000000071,1,F,3.0,23.89325,89.09297222,"{""type"":""Point"",""coordinates"":[89.09297282088025,23.893250224790638]}"
0000000000000000007c,1,F,3.0,23.79141667,89.11119444,"{""type"":""Point"",""coordinates"":[89.11119270778462,23.791417734033093]}"
00000000000000000084,1,F,3.0,23.87336111,89.073,"{""type"":""Point"",""coordinates"":[89.07300050726187,23.873362634092274]}"
0000000000000000008f,1,F,3.0,23.74594444,89.12294444,"{""type"":""Point"",""coordinates"":[89.12294243906047,23.74594382149005]}"
00000000000000000092,1,F,3.0,23.90647222,89.11786111,"{""type"":""Point"",""coordinates"":[89.11785906385953,23.906471459414103]}"
00000000000000000093,1,F,3.0,23.92905556,89.12305556,"{""type"":""Point"",""coordinates"":[89.1230539165868,23.929056806249807]}"
00000000000000000094,1,F,3.0,23.93208333,89.12130556,"{""type"":""Point"",""coordinates"":[89.12130594897384,23.932084535865105]}"
0000000000000000009d,1,F,3.0,23.79966667,89.00163889,"{""type"":""Point"",""coordinates"":[89.00163705400252,23.79966707098197]}"
0000000000000000009e,1,F,3.0,23.81083333,88.99941667,"{""type"":""Point"",""coordinates"":[88.9994164216779,23.8108326600198]}"
000000000000000000a1,1,F,3.0,23.88130556,89.11938889,"{""type"":""Point"",""coordinates"":[89.11938853552087,23.881304293068457]}"
000000000000000000a3,1,F,3.0,23.99919444,89.01733333,"{""type"":""Point"",""coordinates"":[89.01733308971065,23.99919400671946]}"
000000000000000000a6,1,F,3.0,23.81083333,88.99969444,"{""type"":""Point"",""coordinates"":[88.99969288594322,23.8108326600198]}"
000000000000000000ac,1,F,3.0,23.92241667,89.08494444,"{""type"":""Point"",""coordinates"":[89.08494643898405,23.92241720478123]}"
000000000000000000b3,1,F,3.0,23.72458333,89.02197222,"{""type"":""Point"",""coordinates"":[89.02197055480623,23.724584727444046]}"
000000000000000000b5,1,F,3.0,23.72852778,89.04138889,"{""type"":""Point"",""coordinates"":[89.04138993989399,23.728526572775294]}"
000000000000000000b6,1,F,3.0,23.77883333,89.02366667,"{""type"":""Point"",""coordinates"":[89.02366501320654,23.77883415086027]}"
000000000000000000b7,1,F,3.0,23.76975,89.02344444,"{""type"":""Point"",""coordinates"":[89.02344651725492,23.7697509620144]}"
000000000000000000b9,1,F,3.0,23.72055556,89.01419444,"{""type"":""Point"",""coordinates"":[89.01419388256902,23.720553700091735]}"
000000000000000000ba,1,F,3.0,23.71125,89.01361111,"{""type"":""Point"",""coordinates"":[89.01360974033102,23.711252015294242]}"
000000000000000000bd,1,F,3.0,23.90069444,89.11458333,"{""type"":""Point"",""coordinates"":[89.11458162458526,23.900692464448838]}"
000000000000000000be,1,F,3.0,23.74486111,89.03688889,"{""type"":""Point"",""coordinates"":[89.03689070693106,23.744860259934065]}"
000000000000000000bf,1,F,3.0,23.90055556,89.11430556,"{""type"":""Point"",""coordinates"":[89.11430516031993,23.900554232316182]}"
000000000000000000c0,1,F,3.0,23.73275,89.03636111,"{""type"":""Point"",""coordinates"":[89.0363600739057,23.732749341472903]}"
000000000000000000c3,1,F,3.0,23.94830556,88.96238889,"{""type"":""Point"",""coordinates"":[88.9623880465301,23.94830674549753]}"
000000000000000000c8,1,F,3.0,23.97069444,89.03011111,"{""type"":""Point"",""coordinates"":[89.03011287332983,23.97069589188689]}"
000000000000000000ce,1,F,3.0,23.94383333,89.02713889,"{""type"":""Point"",""coordinates"":[89.02713865292718,23.94383426714093]}"
000000000000000000d3,1,F,3.0,23.91283333,88.96016667,"{""type"":""Point"",""coordinates"":[88.96016741420547,23.912834596617373]}"
000000000000000000d8,1,F,3.0,23.92805556,89.04836111,"{""type"":""Point"",""coordinates"":[89.04835951484053,23.928053508512786]}"
000000000000000000df,1,F,3.0,23.90352778,88.93211111,"{""type"":""Point"",""coordinates"":[88.93211075037719,23.90352845271883]}"
000000000000000000e5,1,F,3.0,23.90316667,88.91338889,"{""type"":""Point"",""coordinates"":[88.91338698505379,23.903167265533497]}"
000000000000000000ec,1,F,3.0,23.89816667,89.02725,"{""type"":""Point"",""coordinates"":[89.02725013045351,23.898168613252587]}"
000000000000000000f0,1,F,3.0,23.86219444,88.97558333,"{""type"":""Point"",""coordinates"":[88.97558252654723,23.862192585953384]}"
000000000000000000f7,1,F,3.0,23.83058333,88.95291667,"{""type"":""Point"",""coordinates"":[88.95291691589257,23.83058201858551]}"
000000000000000000fa,1,F,3.0,23.84408333,88.97055556,"{""type"":""Point"",""coordinates"":[88.97055711966,23.844084176575347]}"
00000000000000000102,1,F,3.0,23.83516667,88.91483333,"{""type"":""Point"",""coordinates"":[88.91483173379508,23.835165974468453]}"
00000000000000000109,1,F,3.0,23.98683333,88.97144444,"{""type"":""Point"",""coordinates"":[88.97144448076963,23.98683337859931]}"
0000000000000000010f,1,F,3.0,23.94125,88.99608333,"{""type"":""Point"",""coordinates"":[88.99608547319099,23.94124798852993]}"
0000000000000000017f,1,F,3.0,24.01166667,88.84333333,"{""type"":""Point"",""coordinates"":[88.84333450750414,24.011666112365948]}"
00000000000000000180,1,F,3.0,24.00277778,88.8325,"{""type"":""Point"",""coordinates"":[88.83249889194427,24.002779123966423]}"
00000000000000000181,1,F,3.0,24.01555556,88.82833333,"{""type"":""Point"",""coordinates"":[88.82833409156035,24.01555444848455]}"
00000000000000000193,1,F,3.0,24.0575,88.74861111,"{""type"":""Point"",""coordinates"":[88.74860982382579,24.057501212094312]}"
0000000000000000019a,1,F,3.0,24.0525,88.75472222,"{""type"":""Point"",""coordinates"":[88.75472325137007,24.052498100712352]}"
0000000000000000019c,1,F,3.0,24.05,88.75638889,"{""type"":""Point"",""coordinates"":[88.75639095516405,24.05000100412242]}"
0000000000000000019e,1,F,3.0,24.04388889,88.78777778,"{""type"":""Point"",""coordinates"":[88.78777856747925,24.04388757657815]}"
000000000000000001a1,1,F,3.0,24.0625,88.82611111,"{""type"":""Point"",""coordinates"":[88.82610900013468,24.062499864375226]}"
000000000000000001a2,1,F,3.0,24.06861111,88.85166667,"{""type"":""Point"",""coordinates"":[88.85166856737303,24.068613291919505]}"
000000000000000001a3,1,F,3.0,24.07055556,88.83888889,"{""type"":""Point"",""coordinates"":[88.83888878375384,24.0705574599788]}"
000000000000000001a4,1,F,3.0,24.05694444,88.825,"{""type"":""Point"",""coordinates"":[88.82499868397237,24.056943824462635]}"
000000000000000001a5,1,F,3.0,24.06222222,88.80166667,"{""type"":""Point"",""coordinates"":[88.80166866726074,24.062223400109914]}"
000000000000000001a7,1,F,3.0,23.99472222,88.89583333,"{""type"":""Point"",""coordinates"":[88.89583150420636,23.99472152836285]}"
000000000000000001aa,1,F,3.0,24.67888889,88.92777778,"{""type"":""Point"",""coordinates"":[88.92777650415324,24.678890321195162]}"
000000000000000001ab,1,F,3.0,23.87944444,88.91166667,"{""type"":""Point"",""coordinates"":[88.91166577204714,23.879444847929168]}"
000000000000000001b9,1,F,3.0,24.42222222,88.83083333,"{""type"":""Point"",""coordinates"":[88.83083118815027,24.422220005457763]}"
000000000000000001a0,1,F,3.0,24.05666667,88.82777778,"{""type"":""Point"",""coordinates"":[88.82777670392866,24.056667360197327]}"
000000000000000001b8,1,F,3.0,23.95,88.82777778,"{""type"":""Point"",""coordinates"":[88.82777670392866,23.95000120389785]}"
000000000000000000d0,1,F,3.0,23.96286111,89.05958333,"{""type"":""Point"",""coordinates"":[89.05958307219205,23.962861251335976]}"
000000000000000000c5,1,F,3.0,23.92822222,89.04727778,"{""type"":""Point"",""coordinates"":[89.04727595328455,23.928222954352808]}"
000000000000000000d5,1,F,3.0,23.92822222,89.04727778,"{""type"":""Point"",""coordinates"":[89.04727595328455,23.928222954352808]}"
00000000000000000004,1,F,3.0,24.09441667,88.97116667,"{""type"":""Point"",""coordinates"":[88.97116801650432,24.094418109715797]}"
0000000000000000000e,1,F,3.0,24.03505556,89.01211111,"{""type"":""Point"",""coordinates"":[89.01211148237707,24.03505409739127]}"
0000000000000000000f,1,F,3.0,24.03502778,89.01211111,"{""type"":""Point"",""coordinates"":[89.01211148237707,24.035027342784947]}"
00000000000000000001,1,H,4.0,24.10736111,88.97511111,"{""type"":""Point"",""coordinates"":[88.97510986183556,24.107362880073953]}"
00000000000000000000,1,H,4.0,24.10169444,88.97475,"{""type"":""Point"",""coordinates"":[88.97474867465024,24.10169536263502]}"
000000000000000000af,1,P,1.0,23.84825,89.15055556,"{""type"":""Point"",""coordinates"":[89.15055765188445,23.848248976959262]}"
